"rgn_id","year","habitat","m2"
1,"2017","Kelp forest",6994.36280405258
2,"2017","Kelp forest",1094496.78776585
3,"2017","Kelp forest",53926.9759447861
4,"2017","Kelp forest",391759.93935417
5,"2017","Kelp forest",14604.8515062996
6,"2017","Kelp forest",22560744.7836443
7,"2017","Kelp forest",186695445.487792
8,"2017","Kelp forest",603805.900919951
9,"2017","Kelp forest",75747.3318484068
10,"2017","Kelp forest",4180.05619293441
11,"2017","Kelp forest",117644.40646617
12,"2017","Kelp forest",4511.86437514886
13,"2017","Kelp forest",6447.81142711017
14,"2017","Kelp forest",458.937090546417
15,"2017","Kelp forest",2511.60658465873
16,"2017","Kelp forest",1003594.89091091
17,"2017","Kelp forest",3270990.44224627
18,"2017","Kelp forest",9010.69837540856
19,"2017","Kelp forest",15732.4528526543
20,"2017","Kelp forest",147988.878860354
21,"2017","Kelp forest",18524372.0561109
22,"2017","Kelp forest",39447.6773437932
23,"2017","Kelp forest",88173.0319498947
24,"2017","Kelp forest",4666.51277572226
26,"2017","Kelp forest",17990.358492145
27,"2017","Kelp forest",50475.0090050471
28,"2017","Kelp forest",16521.2293292599
29,"2017","Kelp forest",504948.016650674
30,"2017","Kelp forest",516367.287869359
31,"2017","Kelp forest",292118.392590179
33,"2017","Kelp forest",166755.603082158
34,"2017","Kelp forest",460.250991252217
35,"2017","Kelp forest",1365.89776083609
36,"2017","Kelp forest",89103.8377212094
37,"2017","Kelp forest",28489.7809047579
38,"2017","Kelp forest",3521790.57483634
39,"2017","Kelp forest",388692.132907835
40,"2017","Kelp forest",70593.8000885382
41,"2017","Kelp forest",156501.54960232
42,"2017","Kelp forest",65987.7352685246
43,"2017","Kelp forest",133780.589253616
44,"2017","Kelp forest",70033.886581696
45,"2017","Kelp forest",13280.0061874334
46,"2017","Kelp forest",13131.7008333186
47,"2017","Kelp forest",121901.969458942
48,"2017","Kelp forest",381954.091847778
49,"2017","Kelp forest",473802.197871277
50,"2017","Kelp forest",2663.56498498806
51,"2017","Kelp forest",4930.71346525166
52,"2017","Kelp forest",411.813586509462
53,"2017","Kelp forest",158933.023320263
54,"2017","Kelp forest",262505.610419464
55,"2017","Kelp forest",101224.247337817
56,"2017","Kelp forest",80209.9120712356
57,"2017","Kelp forest",1238302.72193792
58,"2017","Kelp forest",15594.4223633545
59,"2017","Kelp forest",127262183.620901
60,"2017","Kelp forest",12798.0572685769
61,"2017","Kelp forest",134093.655042829
62,"2017","Kelp forest",14655.8810892053
63,"2017","Kelp forest",11669.61367208
64,"2017","Kelp forest",70160.3940557211
65,"2017","Kelp forest",193875.508945828
66,"2017","Kelp forest",36552.710295549
67,"2017","Kelp forest",3324866.85478436
68,"2017","Kelp forest",1587687.96462022
69,"2017","Kelp forest",14405.0148210504
70,"2017","Kelp forest",460010.49000113
71,"2017","Kelp forest",6961.49528086362
72,"2017","Kelp forest",86777484.9128814
73,"2017","Kelp forest",283267.381991035
74,"2017","Kelp forest",128583.312720454
75,"2017","Kelp forest",5383527.14453809
76,"2017","Kelp forest",7534898.42334846
77,"2017","Kelp forest",654451.308312392
78,"2017","Kelp forest",2062418.03564153
79,"2017","Kelp forest",3705.99672847822
80,"2017","Kelp forest",59324.2237528333
81,"2017","Kelp forest",6397513.43061557
82,"2017","Kelp forest",3603.53788380141
83,"2017","Kelp forest",917.771666435801
84,"2017","Kelp forest",2106793.80559439
85,"2017","Kelp forest",191736.030516035
86,"2017","Kelp forest",422.416454166854
87,"2017","Kelp forest",911.902300189063
88,"2017","Kelp forest",62067.7991795228
89,"2017","Kelp forest",79002.3091160129
90,"2017","Kelp forest",2783.85600949224
91,"2017","Kelp forest",10595410.5689427
92,"2017","Kelp forest",154652.916654142
93,"2017","Kelp forest",357222.638105589
94,"2017","Kelp forest",14356.4351059784
95,"2017","Kelp forest",109462.929526403
96,"2017","Kelp forest",84728.2119008835
97,"2017","Kelp forest",14647238.5214015
98,"2017","Kelp forest",1284.20603872069
99,"2017","Kelp forest",144229.077301676
100,"2017","Kelp forest",6488.86958817488
101,"2017","Kelp forest",35295.0800950401
102,"2017","Kelp forest",5666.55556132016
103,"2017","Kelp forest",6576.463072102
1,"2018","Kelp forest",6870.69037726187
2,"2018","Kelp forest",1075144.19230437
3,"2018","Kelp forest",52973.4537768037
4,"2018","Kelp forest",384832.946320402
5,"2018","Kelp forest",14346.6124816302
6,"2018","Kelp forest",22161831.8110455
7,"2018","Kelp forest",183394347.237516
8,"2018","Kelp forest",593129.568683645
9,"2018","Kelp forest",74407.9880632679
10,"2018","Kelp forest",4106.14557262713
11,"2018","Kelp forest",115564.249966768
12,"2018","Kelp forest",4432.08681252344
13,"2018","Kelp forest",6333.80297358563
14,"2018","Kelp forest",450.822289338328
15,"2018","Kelp forest",2467.19703797518
16,"2018","Kelp forest",985849.598144313
17,"2018","Kelp forest",3213153.67607689
18,"2018","Kelp forest",8851.37364971372
19,"2018","Kelp forest",15454.2758866938
20,"2018","Kelp forest",145372.179627066
21,"2018","Kelp forest",18196829.1317395
22,"2018","Kelp forest",38750.1742080484
23,"2018","Kelp forest",86613.9803044153
24,"2018","Kelp forest",4584.00076200615
26,"2018","Kelp forest",17672.25785083
27,"2018","Kelp forest",49582.5235805964
28,"2018","Kelp forest",16229.105431493
29,"2018","Kelp forest",496019.662721684
30,"2018","Kelp forest",507237.02148267
31,"2018","Kelp forest",286953.234371492
33,"2018","Kelp forest",163807.075719212
34,"2018","Kelp forest",452.112958008072
35,"2018","Kelp forest",1341.74632695097
36,"2018","Kelp forest",87528.3278204415
37,"2018","Kelp forest",27986.0323229449
38,"2018","Kelp forest",3459519.22871939
39,"2018","Kelp forest",381819.383995909
40,"2018","Kelp forest",69345.5796547527
41,"2018","Kelp forest",153734.331632927
42,"2018","Kelp forest",64820.9580240909
43,"2018","Kelp forest",131415.117145005
44,"2018","Kelp forest",68795.5663867348
45,"2018","Kelp forest",13045.1927185004
46,"2018","Kelp forest",12899.5096594485
47,"2018","Kelp forest",119746.531885012
48,"2018","Kelp forest",375200.483151059
49,"2018","Kelp forest",465424.555865694
50,"2018","Kelp forest",2616.46855106882
51,"2018","Kelp forest",4843.52992657334
52,"2018","Kelp forest",404.532010323637
53,"2018","Kelp forest",156122.812691811
54,"2018","Kelp forest",257864.057386507
55,"2018","Kelp forest",99434.4276402916
56,"2018","Kelp forest",78791.6621524908
57,"2018","Kelp forest",1216407.38893705
58,"2018","Kelp forest",15318.6860150831
59,"2018","Kelp forest",125011968.193419
60,"2018","Kelp forest",12571.7654897612
61,"2018","Kelp forest",131722.647389812
62,"2018","Kelp forest",14396.7397732861
63,"2018","Kelp forest",11463.2747269941
64,"2018","Kelp forest",68919.8369899029
65,"2018","Kelp forest",190447.454760145
66,"2018","Kelp forest",35906.3951822681
67,"2018","Kelp forest",3266077.46049544
68,"2018","Kelp forest",1559614.89648352
69,"2018","Kelp forest",14150.3092544699
70,"2018","Kelp forest",451876.709234902
71,"2018","Kelp forest",6838.40400870689
72,"2018","Kelp forest",85243108.95175
73,"2018","Kelp forest",278258.724942078
74,"2018","Kelp forest",126309.737446419
75,"2018","Kelp forest",5288337.0771494
76,"2018","Kelp forest",7401668.39228729
77,"2018","Kelp forest",642879.477713548
78,"2018","Kelp forest",2025950.91909777
79,"2018","Kelp forest",3640.46829909452
80,"2018","Kelp forest",58275.26891241
81,"2018","Kelp forest",6284394.33262826
82,"2018","Kelp forest",3539.82110393066
83,"2018","Kelp forest",901.543876655993
84,"2018","Kelp forest",2069542.04871747
85,"2018","Kelp forest",188345.806007893
86,"2018","Kelp forest",414.947400949759
87,"2018","Kelp forest",895.778290951928
88,"2018","Kelp forest",60970.3331822424
89,"2018","Kelp forest",77605.4117053172
90,"2018","Kelp forest",2734.632622291
91,"2018","Kelp forest",10408065.3918887
92,"2018","Kelp forest",151918.385711337
93,"2018","Kelp forest",350906.324268752
94,"2018","Kelp forest",14102.5885127489
95,"2018","Kelp forest",107527.435684089
96,"2018","Kelp forest",83230.0706295516
97,"2018","Kelp forest",14388250.0210231
98,"2018","Kelp forest",1261.49905571777
99,"2018","Kelp forest",141678.857860192
100,"2018","Kelp forest",6374.13515537807
101,"2018","Kelp forest",34671.0020579962
102,"2018","Kelp forest",5566.36106220055
103,"2018","Kelp forest",6460.17983507072
1,"2019","Kelp forest",6749.20469279162
2,"2019","Kelp forest",1056133.78418897
3,"2019","Kelp forest",52036.7915292767
4,"2019","Kelp forest",378028.434499413
5,"2019","Kelp forest",14092.9395693814
6,"2019","Kelp forest",21769972.3094749
7,"2019","Kelp forest",180151618.111509
8,"2019","Kelp forest",582642.012459377
9,"2019","Kelp forest",73092.3261918153
10,"2019","Kelp forest",4033.54181986948
11,"2019","Kelp forest",113520.874230617
12,"2019","Kelp forest",4353.71985513108
13,"2019","Kelp forest",6221.81038662636
14,"2019","Kelp forest",442.850971845115
15,"2019","Kelp forest",2423.57272885577
16,"2019","Kelp forest",968418.072833313
17,"2019","Kelp forest",3156339.56392622
18,"2019","Kelp forest",8694.86606062251
19,"2019","Kelp forest",15181.0175704262
20,"2019","Kelp forest",142801.748160183
21,"2019","Kelp forest",17875077.7325536
22,"2019","Kelp forest",38065.0041336428
23,"2019","Kelp forest",85082.4953874413
24,"2019","Kelp forest",4502.94770334592
26,"2019","Kelp forest",17359.7817788114
27,"2019","Kelp forest",48705.8188414503
28,"2019","Kelp forest",15942.1467892859
29,"2019","Kelp forest",487249.177526212
30,"2019","Kelp forest",498268.193990835
31,"2019","Kelp forest",281879.405080051
33,"2019","Kelp forest",160910.683417694
34,"2019","Kelp forest",444.118819261367
35,"2019","Kelp forest",1318.02193217188
36,"2019","Kelp forest",85980.6756585869
37,"2019","Kelp forest",27491.1908869793
38,"2019","Kelp forest",3398348.94766148
39,"2019","Kelp forest",375068.157166905
40,"2019","Kelp forest",68119.42991626
41,"2019","Kelp forest",151016.042861422
42,"2019","Kelp forest",63674.8114185569
43,"2019","Kelp forest",129091.470672893
44,"2019","Kelp forest",67579.1418337277
45,"2019","Kelp forest",12814.5311576625
46,"2019","Kelp forest",12671.4240269632
47,"2019","Kelp forest",117629.206173882
48,"2019","Kelp forest",368566.289932278
49,"2019","Kelp forest",457195.04505471
50,"2019","Kelp forest",2570.20486352537
51,"2019","Kelp forest",4757.88794358874
52,"2019","Kelp forest",397.379184993749
53,"2019","Kelp forest",153362.291445786
54,"2019","Kelp forest",253304.575035862
55,"2019","Kelp forest",97676.2550494023
56,"2019","Kelp forest",77398.4893442935
57,"2019","Kelp forest",1194899.20327805
58,"2019","Kelp forest",15047.8251621641
59,"2019","Kelp forest",122801540.465048
60,"2019","Kelp forest",12349.4749408264
61,"2019","Kelp forest",129393.563251289
62,"2019","Kelp forest",14142.1805238567
63,"2019","Kelp forest",11260.5842111926
64,"2019","Kelp forest",67701.2151177828
65,"2019","Kelp forest",187080.01449916
66,"2019","Kelp forest",35271.5080375915
67,"2019","Kelp forest",3208327.56433737
68,"2019","Kelp forest",1532038.20872644
69,"2019","Kelp forest",13900.107322662
70,"2019","Kelp forest",443886.747774953
71,"2019","Kelp forest",6717.48920305196
72,"2019","Kelp forest",83735863.4103634
73,"2019","Kelp forest",273338.629609114
74,"2019","Kelp forest",124076.362913967
75,"2019","Kelp forest",5194830.13472436
76,"2019","Kelp forest",7270794.09851404
77,"2019","Kelp forest",631512.257086
78,"2019","Kelp forest",1990128.60422178
79,"2019","Kelp forest",3576.09852563313
80,"2019","Kelp forest",57244.8614070825
81,"2019","Kelp forest",6173275.37586273
82,"2019","Kelp forest",3477.2309468867
83,"2019","Kelp forest",885.603022255396
84,"2019","Kelp forest",2032948.96730597
85,"2019","Kelp forest",185015.526530347
86,"2019","Kelp forest",407.610413506639
87,"2019","Kelp forest",879.939382074586
88,"2019","Kelp forest",59892.2722811812
89,"2019","Kelp forest",76233.2138559108
90,"2019","Kelp forest",2686.27958967682
91,"2019","Kelp forest",10224032.8014624
92,"2019","Kelp forest",149232.206003278
93,"2019","Kelp forest",344701.693780699
94,"2019","Kelp forest",13853.230366158
95,"2019","Kelp forest",105626.164719145
96,"2019","Kelp forest",81758.4190860035
97,"2019","Kelp forest",14133840.8850914
98,"2019","Kelp forest",1239.19357143199
99,"2019","Kelp forest",139173.730707458
100,"2019","Kelp forest",6261.4294257152
101,"2019","Kelp forest",34057.9587996033
102,"2019","Kelp forest",5467.93817504966
103,"2019","Kelp forest",6345.95268670995
1,"2020","Kelp forest",6629.86708525699
2,"2020","Kelp forest",1037459.51295577
3,"2020","Kelp forest",51116.6910896627
4,"2020","Kelp forest",371344.238211604
5,"2020","Kelp forest",13843.7520327911
6,"2020","Kelp forest",21385041.5613702
7,"2020","Kelp forest",176966226.04274
8,"2020","Kelp forest",572339.894360881
9,"2020","Kelp forest",71799.9274968716
10,"2020","Kelp forest",3962.22182698377
11,"2020","Kelp forest",111513.628910233
12,"2020","Kelp forest",4276.73856103249
13,"2020","Kelp forest",6111.79802222629
14,"2020","Kelp forest",435.020601026636
15,"2020","Kelp forest",2380.7197729428
16,"2020","Kelp forest",951294.76702683
17,"2020","Kelp forest",3100530.02350316
18,"2020","Kelp forest",8541.12579628931
19,"2020","Kelp forest",14912.590933621
20,"2020","Kelp forest",140276.766365602
21,"2020","Kelp forest",17559015.4543748
22,"2020","Kelp forest",37391.9490507297
23,"2020","Kelp forest",83578.0897715534
24,"2020","Kelp forest",4423.32780289383
26,"2020","Kelp forest",17052.8308239798
27,"2020","Kelp forest",47844.6157578097
28,"2020","Kelp forest",15660.26207199
29,"2020","Kelp forest",478633.769672114
30,"2020","Kelp forest",489457.950875084
31,"2020","Kelp forest",276895.289862526
33,"2020","Kelp forest",158065.504339581
34,"2020","Kelp forest",436.266030708612
35,"2020","Kelp forest",1294.71702570911
36,"2020","Kelp forest",84460.388662659
37,"2020","Kelp forest",27005.0991031231
38,"2020","Kelp forest",3338260.26292876
39,"2020","Kelp forest",368436.303700299
40,"2020","Kelp forest",66914.9606250098
41,"2020","Kelp forest",148345.818134992
42,"2020","Kelp forest",62548.9306665589
43,"2020","Kelp forest",126808.910287715
44,"2020","Kelp forest",66384.22576987
45,"2020","Kelp forest",12587.9480920063
46,"2020","Kelp forest",12447.3713427929
47,"2020","Kelp forest",115549.318441927
48,"2020","Kelp forest",362049.40071933
49,"2020","Kelp forest",449111.046222701
50,"2020","Kelp forest",2524.75919796205
51,"2020","Kelp forest",4673.76025892804
52,"2020","Kelp forest",390.352833982072
53,"2020","Kelp forest",150650.580988002
54,"2020","Kelp forest",248825.712215974
55,"2020","Kelp forest",95949.1699895897
56,"2020","Kelp forest",76029.950239974
57,"2020","Kelp forest",1173771.31952657
58,"2020","Kelp forest",14781.7535974107
59,"2020","Kelp forest",120630196.92048
60,"2020","Kelp forest",12131.1148731104
61,"2020","Kelp forest",127105.661347042
62,"2020","Kelp forest",13892.1223220596
63,"2020","Kelp forest",11061.4776141381
64,"2020","Kelp forest",66504.140587213
65,"2020","Kelp forest",183772.11640389
66,"2020","Kelp forest",34647.8467952765
67,"2020","Kelp forest",3151598.78618602
68,"2020","Kelp forest",1504949.1244857
69,"2020","Kelp forest",13654.3293935776
70,"2020","Kelp forest",436038.062647302
71,"2020","Kelp forest",6598.71238020821
72,"2020","Kelp forest",82255268.5759955
73,"2020","Kelp forest",268505.530067892
74,"2020","Kelp forest",121882.478304486
75,"2020","Kelp forest",5102976.55670369
76,"2020","Kelp forest",7142233.88852066
77,"2020","Kelp forest",620346.028571709
78,"2020","Kelp forest",1954939.68980528
79,"2020","Kelp forest",3512.86692105415
80,"2020","Kelp forest",56232.6732879003
81,"2020","Kelp forest",6064121.19436418
82,"2020","Kelp forest",3415.74749203015
83,"2020","Kelp forest",869.944029720428
84,"2020","Kelp forest",1997002.91483887
85,"2020","Kelp forest",181744.132151618
86,"2020","Kelp forest",400.403156686286
87,"2020","Kelp forest",864.38053248977
88,"2020","Kelp forest",58833.2733606888
89,"2020","Kelp forest",74885.2788368476
90,"2020","Kelp forest",2638.78152227585
91,"2020","Kelp forest",10043254.2254051
92,"2020","Kelp forest",146593.522596541
93,"2020","Kelp forest",338606.771886738
94,"2020","Kelp forest",13608.2813027093
95,"2020","Kelp forest",103758.51151193
96,"2020","Kelp forest",80312.7888860545
97,"2020","Kelp forest",13883930.1425259
98,"2020","Kelp forest",1217.2824866719
99,"2020","Kelp forest",136712.898533849
100,"2020","Kelp forest",6150.71652820747
101,"2020","Kelp forest",33455.7552058972
102,"2020","Kelp forest",5371.25557470497
103,"2020","Kelp forest",6233.74527181724
1,"2021","Kelp forest",6512.639572944
2,"2021","Kelp forest",1019115.43512354
3,"2021","Kelp forest",50212.8596165646
4,"2021","Kelp forest",364778.230070338
5,"2021","Kelp forest",13598.9705626632
6,"2021","Kelp forest",21006917.0543912
7,"2021","Kelp forest",173837157.212908
8,"2021","Kelp forest",562219.935521494
9,"2021","Kelp forest",70530.380645257
10,"2021","Kelp forest",3892.162894876
11,"2021","Kelp forest",109541.8751574
12,"2021","Kelp forest",4201.118429305
13,"2021","Kelp forest",6003.730866627
14,"2021","Kelp forest",427.328684702
15,"2021","Kelp forest",2338.624531378
16,"2021","Kelp forest",934474.230871149
17,"2021","Kelp forest",3045707.29224279
18,"2021","Kelp forest",8390.103925628
19,"2021","Kelp forest",14648.910543832
20,"2021","Kelp forest",137796.43061454
21,"2021","Kelp forest",17248541.7037081
22,"2021","Kelp forest",36730.794745314
23,"2021","Kelp forest",82100.2846478913
24,"2021","Kelp forest",4345.115719935
26,"2021","Kelp forest",16751.307292711
27,"2021","Kelp forest",46998.6402336048
28,"2021","Kelp forest",15383.3615638409
29,"2021","Kelp forest",470170.697123884
30,"2021","Kelp forest",480803.488089473
31,"2021","Kelp forest",271999.302418984
33,"2021","Kelp forest",155270.632946544
34,"2021","Kelp forest",428.552093034
35,"2021","Kelp forest",1271.824190284
36,"2021","Kelp forest",82966.9829692132
37,"2021","Kelp forest",26527.6022623999
38,"2021","Kelp forest",3279234.05002826
39,"2021","Kelp forest",361921.712868663
40,"2021","Kelp forest",65731.788433212
41,"2021","Kelp forest",145722.807598224
42,"2021","Kelp forest",61442.957432769
43,"2021","Kelp forest",124566.709516419
44,"2021","Kelp forest",65210.4378878881
45,"2021","Kelp forest",12365.371406686
46,"2021","Kelp forest",12227.280297439
47,"2021","Kelp forest",113506.20672095
48,"2021","Kelp forest",355647.741374587
49,"2021","Kelp forest",441169.986466307
50,"2021","Kelp forest",2480.117090336
51,"2021","Kelp forest",4591.12009717882
52,"2021","Kelp forest",383.450721004
53,"2021","Kelp forest",147986.818259334
54,"2021","Kelp forest",244426.043434159
55,"2021","Kelp forest",94252.6227795577
56,"2021","Kelp forest",74685.6092730589
57,"2021","Kelp forest",1153017.0132874
58,"2021","Kelp forest",14520.386637928
59,"2021","Kelp forest",118497246.483772
60,"2021","Kelp forest",11916.61578891
61,"2021","Kelp forest",124858.213503971
62,"2021","Kelp forest",13646.485581591
63,"2021","Kelp forest",10865.891565951
64,"2021","Kelp forest",65328.232403942
65,"2021","Kelp forest",180522.707665904
66,"2021","Kelp forest",34035.2129619612
67,"2021","Kelp forest",3095873.07090964
68,"2021","Kelp forest",1478339.02208811
69,"2021","Kelp forest",13412.8972432
70,"2021","Kelp forest",428328.155842143
71,"2021","Kelp forest",6482.03573694323
72,"2021","Kelp forest",80800853.2180702
73,"2021","Kelp forest",263757.888082408
74,"2021","Kelp forest",119727.385367865
75,"2021","Kelp forest",5012747.10874626
76,"2021","Kelp forest",7015946.84530517
77,"2021","Kelp forest",609377.238282622
78,"2021","Kelp forest",1920372.97623309
79,"2021","Kelp forest",3450.753360564
80,"2021","Kelp forest",55238.3824046172
81,"2021","Kelp forest",5956897.04750901
82,"2021","Kelp forest",3355.351170953
83,"2021","Kelp forest",854.561915246
84,"2021","Kelp forest",1961692.4507258
85,"2021","Kelp forest",178530.581681353
86,"2021","Kelp forest",393.323336627
87,"2021","Kelp forest",849.096790265
88,"2021","Kelp forest",57792.9993719929
89,"2021","Kelp forest",73561.1776393395
90,"2021","Kelp forest",2592.123302825
91,"2021","Kelp forest",9865672.12711702
92,"2021","Kelp forest",144001.495674401
93,"2021","Kelp forest",332619.618749251
94,"2021","Kelp forest",13367.6633621898
95,"2021","Kelp forest",101923.881642367
96,"2021","Kelp forest",78892.719927362
97,"2021","Kelp forest",13638438.2539548
98,"2021","Kelp forest",1195.758827772
99,"2021","Kelp forest",134295.578127553
100,"2021","Kelp forest",6041.961226137
101,"2021","Kelp forest",32864.1996128656
102,"2021","Kelp forest",5276.282489887
103,"2021","Kelp forest",6123.521878013
1,"2017","Seagrass",1102504.023736
3,"2017","Seagrass",604433.60216
4,"2017","Seagrass",219705788.1684
5,"2017","Seagrass",1250667.160714
9,"2017","Seagrass",442345284.8868
10,"2017","Seagrass",2862664.52021
11,"2017","Seagrass",71753769.9974
13,"2017","Seagrass",27984789.0012
15,"2017","Seagrass",80738056.86528
18,"2017","Seagrass",1169633.776884
25,"2017","Seagrass",34347259.11752
26,"2017","Seagrass",538929.121916
28,"2017","Seagrass",81600886.83912
29,"2017","Seagrass",123243.597198
36,"2017","Seagrass",4526117.59012
42,"2017","Seagrass",4245666.463624
43,"2017","Seagrass",649029982.5942
54,"2017","Seagrass",30304404.61434
55,"2017","Seagrass",80490036.25706
58,"2017","Seagrass",332048126.9396
62,"2017","Seagrass",47268212.5744
69,"2017","Seagrass",150631708.5526
79,"2017","Seagrass",107908281.13948
82,"2017","Seagrass",6609724.258592
89,"2017","Seagrass",204596134.6932
90,"2017","Seagrass",514462.67778
93,"2017","Seagrass",4819230.532568
100,"2017","Seagrass",79209787.43126
102,"2017","Seagrass",147534264.9646
103,"2017","Seagrass",142298734.4052
1,"2018","Seagrass",979133.236
3,"2018","Seagrass",536797.16
4,"2018","Seagrass",195120593.4
5,"2018","Seagrass",1110716.839
9,"2018","Seagrass",392846611.8
10,"2018","Seagrass",2542330.835
11,"2018","Seagrass",63724484.9
13,"2018","Seagrass",24853276.2
15,"2018","Seagrass",71703425.28
18,"2018","Seagrass",1038751.134
25,"2018","Seagrass",30503782.52
26,"2018","Seagrass",478622.666
28,"2018","Seagrass",72469704.12
29,"2018","Seagrass",109452.573
36,"2018","Seagrass",4019642.62
42,"2018","Seagrass",3770574.124
43,"2018","Seagrass",576403181.7
54,"2018","Seagrass",26913325.59
55,"2018","Seagrass",71483158.31
58,"2018","Seagrass",294891764.6
62,"2018","Seagrass",41978874.4
69,"2018","Seagrass",133775940.1
79,"2018","Seagrass",95833286.98
82,"2018","Seagrass",5870092.592
89,"2018","Seagrass",181701718.2
90,"2018","Seagrass",456894.03
93,"2018","Seagrass",4279956.068
100,"2018","Seagrass",70346170.01
102,"2018","Seagrass",131025102.1
103,"2018","Seagrass",126375430.2
1,"2019","Seagrass",855762.448264
3,"2019","Seagrass",469160.71784
4,"2019","Seagrass",170535398.6316
5,"2019","Seagrass",970766.517286
9,"2019","Seagrass",343347938.7132
10,"2019","Seagrass",2221997.14979
11,"2019","Seagrass",55695199.8026
13,"2019","Seagrass",21721763.3988
15,"2019","Seagrass",62668793.69472
18,"2019","Seagrass",907868.491116
25,"2019","Seagrass",26660305.92248
26,"2019","Seagrass",418316.210084
28,"2019","Seagrass",63338521.40088
29,"2019","Seagrass",95661.548802
36,"2019","Seagrass",3513167.64988
42,"2019","Seagrass",3295481.784376
43,"2019","Seagrass",503776380.8058
54,"2019","Seagrass",23522246.56566
55,"2019","Seagrass",62476280.36294
58,"2019","Seagrass",257735402.2604
62,"2019","Seagrass",36689536.2256
69,"2019","Seagrass",116920171.6474
79,"2019","Seagrass",83758292.82052
82,"2019","Seagrass",5130460.925408
89,"2019","Seagrass",158807301.7068
90,"2019","Seagrass",399325.38222
93,"2019","Seagrass",3740681.603432
100,"2019","Seagrass",61482552.58874
102,"2019","Seagrass",114515939.2354
103,"2019","Seagrass",110452125.9948
1,"2020","Seagrass",747936.379782736
3,"2020","Seagrass",410046.46739216
4,"2020","Seagrass",149047938.404018
5,"2020","Seagrass",848449.936107964
9,"2020","Seagrass",300086098.435337
10,"2020","Seagrass",1942025.50891646
11,"2020","Seagrass",48677604.6274724
13,"2020","Seagrass",18984821.2105512
15,"2020","Seagrass",54772525.6891853
18,"2020","Seagrass",793477.061235384
25,"2020","Seagrass",23301107.3762475
26,"2020","Seagrass",365608.367613416
28,"2020","Seagrass",55357867.7043691
29,"2020","Seagrass",83608.193652948
36,"2020","Seagrass",3070508.52599512
42,"2020","Seagrass",2880251.07954462
43,"2020","Seagrass",440300556.824269
54,"2020","Seagrass",20558443.4983868
55,"2020","Seagrass",54604269.0372096
58,"2020","Seagrass",225260741.57559
62,"2020","Seagrass",32066654.6611744
69,"2020","Seagrass",102188230.019828
79,"2020","Seagrass",73204747.9251345
82,"2020","Seagrass",4484022.84880659
89,"2020","Seagrass",138797581.691743
90,"2020","Seagrass",349010.38406028
93,"2020","Seagrass",3269355.72139957
100,"2020","Seagrass",53735750.9625588
102,"2020","Seagrass",100086930.89174
103,"2020","Seagrass",96535158.1194552
1,"2021","Seagrass",653696.395930111
3,"2021","Seagrass",358380.612500748
4,"2021","Seagrass",130267898.165112
5,"2021","Seagrass",741545.24415836
9,"2021","Seagrass",262275250.032484
10,"2021","Seagrass",1697330.29479299
11,"2021","Seagrass",42544226.4444109
13,"2021","Seagrass",16592733.7380218
15,"2021","Seagrass",47871187.4523479
18,"2021","Seagrass",693498.951519726
25,"2021","Seagrass",20365167.8468403
26,"2021","Seagrass",319541.713294126
28,"2021","Seagrass",48382776.3736186
29,"2021","Seagrass",73073.5612526766
36,"2021","Seagrass",2683624.45171973
42,"2021","Seagrass",2517339.443522
43,"2021","Seagrass",384822686.664411
54,"2021","Seagrass",17968079.6175901
55,"2021","Seagrass",47724131.1385211
58,"2021","Seagrass",196877888.137065
62,"2021","Seagrass",28026256.1738664
69,"2021","Seagrass",89312513.0373293
79,"2021","Seagrass",63980949.6865675
82,"2021","Seagrass",3919035.96985696
89,"2021","Seagrass",121309086.398584
90,"2021","Seagrass",305035.075668685
93,"2021","Seagrass",2857416.90050322
100,"2021","Seagrass",46965046.3412763
102,"2021","Seagrass",87475977.5993804
103,"2021","Seagrass",84371728.1964038
1,"2017","Tidal flats",69904652.9774
2,"2017","Tidal flats",887721078.89
3,"2017","Tidal flats",436541832.9285
4,"2017","Tidal flats",373616129.275
5,"2017","Tidal flats",266284433.0115
6,"2017","Tidal flats",10727817402.3
7,"2017","Tidal flats",3514387675.95
8,"2017","Tidal flats",563090502.6265
9,"2017","Tidal flats",725268867.435
10,"2017","Tidal flats",145963280.0335
11,"2017","Tidal flats",207266469.032
12,"2017","Tidal flats",302633532.2295
13,"2017","Tidal flats",815501774.255
14,"2017","Tidal flats",13934767.68595
15,"2017","Tidal flats",68988003.5064
16,"2017","Tidal flats",255342876.8935
17,"2017","Tidal flats",2027717039.315
18,"2017","Tidal flats",394155680.826
19,"2017","Tidal flats",437028345.803
20,"2017","Tidal flats",730095051.25
21,"2017","Tidal flats",9883439302.05
22,"2017","Tidal flats",384820381.8395
23,"2017","Tidal flats",144473205.228
24,"2017","Tidal flats",158503656.6315
25,"2017","Tidal flats",20375230.9945
26,"2017","Tidal flats",965406635.8045
27,"2017","Tidal flats",117604800.748
28,"2017","Tidal flats",342762682.321
29,"2017","Tidal flats",618532863.9085
30,"2017","Tidal flats",308289073.6335
31,"2017","Tidal flats",79371760.2905
32,"2017","Tidal flats",186307413.664
33,"2017","Tidal flats",383017783.87
34,"2017","Tidal flats",40378792.18525
35,"2017","Tidal flats",32884730.1277
36,"2017","Tidal flats",306508171.471
37,"2017","Tidal flats",174484709.5435
38,"2017","Tidal flats",1446921765.395
39,"2017","Tidal flats",460869706.398
40,"2017","Tidal flats",45000120.4775
41,"2017","Tidal flats",403405217.2415
42,"2017","Tidal flats",326727298.2865
43,"2017","Tidal flats",1898382981.495
44,"2017","Tidal flats",449455257.099
45,"2017","Tidal flats",145107922.7785
46,"2017","Tidal flats",186257770.7475
47,"2017","Tidal flats",291882352.3805
48,"2017","Tidal flats",159369823.2765
49,"2017","Tidal flats",206348905.7765
50,"2017","Tidal flats",36387147.57145
51,"2017","Tidal flats",35443818.0654
52,"2017","Tidal flats",56517596.57055
53,"2017","Tidal flats",311508584.7455
54,"2017","Tidal flats",272919206.8465
55,"2017","Tidal flats",427909173.251
56,"2017","Tidal flats",717381338.883
57,"2017","Tidal flats",736548425.0225
58,"2017","Tidal flats",573722380.359
59,"2017","Tidal flats",14788659684.5
60,"2017","Tidal flats",174328875.2545
61,"2017","Tidal flats",214611134.928
62,"2017","Tidal flats",65754595.37415
63,"2017","Tidal flats",91782818.73055
64,"2017","Tidal flats",261479414.581
65,"2017","Tidal flats",134985022.323
66,"2017","Tidal flats",111542157.071
67,"2017","Tidal flats",2574829522.14
68,"2017","Tidal flats",2637289942.23
69,"2017","Tidal flats",142661613.913
70,"2017","Tidal flats",239415679.0535
71,"2017","Tidal flats",7728146.134415
72,"2017","Tidal flats",4461953242.465
73,"2017","Tidal flats",147714516.4585
74,"2017","Tidal flats",146710582.0005
75,"2017","Tidal flats",616294874.5645
76,"2017","Tidal flats",3593430996.56
77,"2017","Tidal flats",529291687.495
78,"2017","Tidal flats",630060014.3465
79,"2017","Tidal flats",127901895.6955
80,"2017","Tidal flats",158789094.8565
81,"2017","Tidal flats",1304167379.06
82,"2017","Tidal flats",485005266.005
83,"2017","Tidal flats",58725345.3606
84,"2017","Tidal flats",1702471794.585
85,"2017","Tidal flats",409678238.2035
86,"2017","Tidal flats",99275408.0555
87,"2017","Tidal flats",543386695.7985
88,"2017","Tidal flats",123920823.9535
89,"2017","Tidal flats",608358807.872
90,"2017","Tidal flats",725048421.874
91,"2017","Tidal flats",1213787645.185
92,"2017","Tidal flats",1228852235.185
93,"2017","Tidal flats",760879818.7835
94,"2017","Tidal flats",341377923.3215
95,"2017","Tidal flats",372235889.0615
97,"2017","Tidal flats",8740062382.315
98,"2017","Tidal flats",83372080.9222
99,"2017","Tidal flats",594399381.371
100,"2017","Tidal flats",80016830.59485
101,"2017","Tidal flats",125796856.1355
102,"2017","Tidal flats",70137143.9655
103,"2017","Tidal flats",63311943.91215
1,"2018","Tidal flats",68856083.182739
2,"2018","Tidal flats",874405262.70665
3,"2018","Tidal flats",429993705.434572
4,"2018","Tidal flats",368011887.335875
5,"2018","Tidal flats",262290166.516328
6,"2018","Tidal flats",10566900141.2655
7,"2018","Tidal flats",3461671860.81075
8,"2018","Tidal flats",554644145.087103
9,"2018","Tidal flats",714389834.423475
10,"2018","Tidal flats",143773830.832997
11,"2018","Tidal flats",204157471.99652
12,"2018","Tidal flats",298094029.246057
13,"2018","Tidal flats",803269247.641175
14,"2018","Tidal flats",13725746.1706608
15,"2018","Tidal flats",67953183.453804
16,"2018","Tidal flats",251512733.740097
17,"2018","Tidal flats",1997301283.72528
18,"2018","Tidal flats",388243345.61361
19,"2018","Tidal flats",430472920.615955
20,"2018","Tidal flats",719143625.48125
21,"2018","Tidal flats",9735187712.51925
22,"2018","Tidal flats",379048076.111907
23,"2018","Tidal flats",142306107.14958
24,"2018","Tidal flats",156126101.782028
25,"2018","Tidal flats",20069602.5295825
26,"2018","Tidal flats",950925536.267432
27,"2018","Tidal flats",115840728.73678
28,"2018","Tidal flats",337621242.086185
29,"2018","Tidal flats",609254870.949873
30,"2018","Tidal flats",303664737.528997
31,"2018","Tidal flats",78181183.8861425
32,"2018","Tidal flats",183512802.45904
33,"2018","Tidal flats",377272517.11195
34,"2018","Tidal flats",39773110.3024713
35,"2018","Tidal flats",32391459.1757845
36,"2018","Tidal flats",301910548.898935
37,"2018","Tidal flats",171867438.900348
38,"2018","Tidal flats",1425217938.91407
39,"2018","Tidal flats",453956660.80203
40,"2018","Tidal flats",44325118.6703375
41,"2018","Tidal flats",397354138.982877
42,"2018","Tidal flats",321826388.812202
43,"2018","Tidal flats",1869907236.77258
44,"2018","Tidal flats",442713428.242515
45,"2018","Tidal flats",142931303.936823
46,"2018","Tidal flats",183463904.186288
47,"2018","Tidal flats",287504117.094792
48,"2018","Tidal flats",156979275.927352
49,"2018","Tidal flats",203253672.189853
50,"2018","Tidal flats",35841340.3578783
51,"2018","Tidal flats",34912160.794419
52,"2018","Tidal flats",55669832.6219918
53,"2018","Tidal flats",306835955.974318
54,"2018","Tidal flats",268825418.743802
55,"2018","Tidal flats",421490535.652235
56,"2018","Tidal flats",706620618.799755
57,"2018","Tidal flats",725500198.647162
58,"2018","Tidal flats",565116544.653615
59,"2018","Tidal flats",14566829789.2325
60,"2018","Tidal flats",171713942.125682
61,"2018","Tidal flats",211391967.90408
62,"2018","Tidal flats",64768276.4435377
63,"2018","Tidal flats",90406076.4495918
64,"2018","Tidal flats",257557223.362285
65,"2018","Tidal flats",132960246.988155
66,"2018","Tidal flats",109869024.714935
67,"2018","Tidal flats",2536207079.3079
68,"2018","Tidal flats",2597730593.09655
69,"2018","Tidal flats",140521689.704305
70,"2018","Tidal flats",235824443.867698
71,"2018","Tidal flats",7612223.94239878
72,"2018","Tidal flats",4395023943.82802
73,"2018","Tidal flats",145498798.711623
74,"2018","Tidal flats",144509923.270493
75,"2018","Tidal flats",607050451.446033
76,"2018","Tidal flats",3539529531.6116
77,"2018","Tidal flats",521352312.182575
78,"2018","Tidal flats",620609114.131302
79,"2018","Tidal flats",125983367.260067
80,"2018","Tidal flats",156407258.433652
81,"2018","Tidal flats",1284604868.3741
82,"2018","Tidal flats",477730187.014925
83,"2018","Tidal flats",57844465.180191
84,"2018","Tidal flats",1676934717.66622
85,"2018","Tidal flats",403533064.630448
86,"2018","Tidal flats",97786276.9346675
87,"2018","Tidal flats",535235895.361522
88,"2018","Tidal flats",122062011.594197
89,"2018","Tidal flats",599233425.75392
90,"2018","Tidal flats",714172695.54589
91,"2018","Tidal flats",1195580830.50723
92,"2018","Tidal flats",1210419451.65722
93,"2018","Tidal flats",749466621.501747
94,"2018","Tidal flats",336257254.471677
95,"2018","Tidal flats",366652350.725577
97,"2018","Tidal flats",8608961446.58027
98,"2018","Tidal flats",82121499.708367
99,"2018","Tidal flats",585483390.650435
100,"2018","Tidal flats",78816578.1359273
101,"2018","Tidal flats",123909903.293468
102,"2018","Tidal flats",69085086.8060175
103,"2018","Tidal flats",62362264.7534678
1,"2019","Tidal flats",67823241.9349979
2,"2019","Tidal flats",861289183.76605
3,"2019","Tidal flats",423543799.853054
4,"2019","Tidal flats",362491709.025837
5,"2019","Tidal flats",258355814.018583
6,"2019","Tidal flats",10408396639.1465
7,"2019","Tidal flats",3409746782.89859
8,"2019","Tidal flats",546324482.910796
9,"2019","Tidal flats",703673986.907123
10,"2019","Tidal flats",141617223.370503
11,"2019","Tidal flats",201095109.916572
12,"2019","Tidal flats",293622618.807367
13,"2019","Tidal flats",791220208.926557
14,"2019","Tidal flats",13519859.9781008
15,"2019","Tidal flats",66933885.7019969
16,"2019","Tidal flats",247740042.733996
17,"2019","Tidal flats",1967341764.4694
18,"2019","Tidal flats",382419695.429406
19,"2019","Tidal flats",424015826.806716
20,"2019","Tidal flats",708356471.099031
21,"2019","Tidal flats",9589159896.83146
22,"2019","Tidal flats",373362354.970229
23,"2019","Tidal flats",140171515.542336
24,"2019","Tidal flats",153784210.255297
25,"2019","Tidal flats",19768558.4916388
26,"2019","Tidal flats",936661653.223421
27,"2019","Tidal flats",114103117.805728
28,"2019","Tidal flats",332556923.454892
29,"2019","Tidal flats",600116047.885625
30,"2019","Tidal flats",299109766.466063
31,"2019","Tidal flats",77008466.1278504
32,"2019","Tidal flats",180760110.422154
33,"2019","Tidal flats",371613429.355271
34,"2019","Tidal flats",39176513.6479342
35,"2019","Tidal flats",31905587.2881477
36,"2019","Tidal flats",297381890.665451
37,"2019","Tidal flats",169289427.316842
38,"2019","Tidal flats",1403839669.83036
39,"2019","Tidal flats",447147310.89
40,"2019","Tidal flats",43660241.8902824
41,"2019","Tidal flats",391393826.898134
42,"2019","Tidal flats",316998992.980019
43,"2019","Tidal flats",1841858628.22099
44,"2019","Tidal flats",436072726.818877
45,"2019","Tidal flats",140787334.37777
46,"2019","Tidal flats",180711945.623493
47,"2019","Tidal flats",283191555.338371
48,"2019","Tidal flats",154624586.788442
49,"2019","Tidal flats",200204867.107005
50,"2019","Tidal flats",35303720.2525101
51,"2019","Tidal flats",34388478.3825027
52,"2019","Tidal flats",54834785.1326619
53,"2019","Tidal flats",302233416.634703
54,"2019","Tidal flats",264793037.462646
55,"2019","Tidal flats",415168177.617451
56,"2019","Tidal flats",696021309.517759
57,"2019","Tidal flats",714617695.667455
58,"2019","Tidal flats",556639796.483811
59,"2019","Tidal flats",14348327342.394
60,"2019","Tidal flats",169138232.993797
61,"2019","Tidal flats",208221088.385519
62,"2019","Tidal flats",63796752.2968847
63,"2019","Tidal flats",89049985.3028479
64,"2019","Tidal flats",253693865.011851
65,"2019","Tidal flats",130965843.283333
66,"2019","Tidal flats",108220989.344211
67,"2019","Tidal flats",2498163973.11828
68,"2019","Tidal flats",2558764634.2001
69,"2019","Tidal flats",138413864.35874
70,"2019","Tidal flats",232287077.209682
71,"2019","Tidal flats",7498040.58326279
72,"2019","Tidal flats",4329098584.6706
73,"2019","Tidal flats",143316316.730948
74,"2019","Tidal flats",142342274.421435
75,"2019","Tidal flats",597944694.674342
76,"2019","Tidal flats",3486436588.63743
77,"2019","Tidal flats",513532027.499836
78,"2019","Tidal flats",611299977.419333
79,"2019","Tidal flats",124093616.751166
80,"2019","Tidal flats",154061149.557148
81,"2019","Tidal flats",1265335795.34849
82,"2019","Tidal flats",470564234.209701
83,"2019","Tidal flats",56976798.2024881
84,"2019","Tidal flats",1651780696.90123
85,"2019","Tidal flats",397480068.660991
86,"2019","Tidal flats",96319482.7806475
87,"2019","Tidal flats",527207356.9311
88,"2019","Tidal flats",120231081.420285
89,"2019","Tidal flats",590244924.367611
90,"2019","Tidal flats",703460105.112702
91,"2019","Tidal flats",1177647118.04962
92,"2019","Tidal flats",1192263159.88237
93,"2019","Tidal flats",738224622.179221
94,"2019","Tidal flats",331213395.654602
95,"2019","Tidal flats",361152565.464694
97,"2019","Tidal flats",8479827024.88157
98,"2019","Tidal flats",80889677.2127415
99,"2019","Tidal flats",576701139.790678
100,"2019","Tidal flats",77634329.4638883
101,"2019","Tidal flats",122051254.744065
102,"2019","Tidal flats",68048810.5039272
103,"2019","Tidal flats",61426830.7821657
1,"2020","Tidal flats",66805893.3059729
2,"2020","Tidal flats",848369846.00956
3,"2020","Tidal flats",417190642.855258
4,"2020","Tidal flats",357054333.390449
5,"2020","Tidal flats",254480476.808304
6,"2020","Tidal flats",10252270689.5593
7,"2020","Tidal flats",3358600581.15511
8,"2020","Tidal flats",538129615.667134
9,"2020","Tidal flats",693118877.103516
10,"2020","Tidal flats",139492965.019945
11,"2020","Tidal flats",198078683.267824
12,"2020","Tidal flats",289218279.525256
13,"2020","Tidal flats",779351905.792659
14,"2020","Tidal flats",13317062.0784293
15,"2020","Tidal flats",65929877.416467
16,"2020","Tidal flats",244023942.092986
17,"2020","Tidal flats",1937831638.00236
18,"2020","Tidal flats",376683399.997965
19,"2020","Tidal flats",417655589.404615
20,"2020","Tidal flats",697731124.032546
21,"2020","Tidal flats",9445322498.37899
22,"2020","Tidal flats",367761919.645675
23,"2020","Tidal flats",138068942.809201
24,"2020","Tidal flats",151477447.101468
25,"2020","Tidal flats",19472030.1142642
26,"2020","Tidal flats",922611728.42507
27,"2020","Tidal flats",112391571.038642
28,"2020","Tidal flats",327568569.603069
29,"2020","Tidal flats",591114307.16734
30,"2020","Tidal flats",294623119.969072
31,"2020","Tidal flats",75853339.1359326
32,"2020","Tidal flats",178048708.765822
33,"2020","Tidal flats",366039227.914942
34,"2020","Tidal flats",38588865.9432152
35,"2020","Tidal flats",31427003.4788255
36,"2020","Tidal flats",292921162.305469
37,"2020","Tidal flats",166750085.90709
38,"2020","Tidal flats",1382782074.78291
39,"2020","Tidal flats",440440101.22665
40,"2020","Tidal flats",43005338.2619282
41,"2020","Tidal flats",385522919.494662
42,"2020","Tidal flats",312244008.085319
43,"2020","Tidal flats",1814230748.79767
44,"2020","Tidal flats",429531635.916594
45,"2020","Tidal flats",138675524.362104
46,"2020","Tidal flats",178001266.439141
47,"2020","Tidal flats",278943682.008295
48,"2020","Tidal flats",152305217.986616
49,"2020","Tidal flats",197201794.1004
50,"2020","Tidal flats",34774164.4487224
51,"2020","Tidal flats",33872651.2067652
52,"2020","Tidal flats",54012263.3556719
53,"2020","Tidal flats",297699915.385182
54,"2020","Tidal flats",260821141.900706
55,"2020","Tidal flats",408940654.95319
56,"2020","Tidal flats",685580989.874992
57,"2020","Tidal flats",703898430.232443
58,"2020","Tidal flats",548290199.536554
59,"2020","Tidal flats",14133102432.2581
60,"2020","Tidal flats",166601159.49889
61,"2020","Tidal flats",205097772.059736
62,"2020","Tidal flats",62839801.0124314
63,"2020","Tidal flats",87714235.5233051
64,"2020","Tidal flats",249888457.036673
65,"2020","Tidal flats",129001355.634083
66,"2020","Tidal flats",106597674.504048
67,"2020","Tidal flats",2460691513.52151
68,"2020","Tidal flats",2520383164.6871
69,"2020","Tidal flats",136337656.393359
70,"2020","Tidal flats",228802771.051537
71,"2020","Tidal flats",7385569.97451385
72,"2020","Tidal flats",4264162105.90055
73,"2020","Tidal flats",141166571.979984
74,"2020","Tidal flats",140207140.305114
75,"2020","Tidal flats",588975524.254227
76,"2020","Tidal flats",3434140039.80786
77,"2020","Tidal flats",505829047.087339
78,"2020","Tidal flats",602130477.758043
79,"2020","Tidal flats",122232212.499899
80,"2020","Tidal flats",151750232.313791
81,"2020","Tidal flats",1246355758.41826
82,"2020","Tidal flats",463505770.696556
83,"2020","Tidal flats",56122146.2294508
84,"2020","Tidal flats",1627003986.44771
85,"2020","Tidal flats",391517867.631076
86,"2020","Tidal flats",94874690.5389378
87,"2020","Tidal flats",519299246.577133
88,"2020","Tidal flats",118427615.19898
89,"2020","Tidal flats",581391250.502097
90,"2020","Tidal flats",692908203.536011
91,"2020","Tidal flats",1159982411.27887
92,"2020","Tidal flats",1174379212.48413
93,"2020","Tidal flats",727151252.846533
94,"2020","Tidal flats",326245194.719783
95,"2020","Tidal flats",355735276.982723
97,"2020","Tidal flats",8352629619.50835
98,"2020","Tidal flats",79676332.0545504
99,"2020","Tidal flats",568050622.693818
100,"2020","Tidal flats",76469814.52193
101,"2020","Tidal flats",120220485.922905
102,"2020","Tidal flats",67028078.3463683
103,"2020","Tidal flats",60505428.3204333
1,"2021","Tidal flats",65803804.9063833
2,"2021","Tidal flats",835644298.319416
3,"2021","Tidal flats",410932783.212429
4,"2021","Tidal flats",351698518.389593
5,"2021","Tidal flats",250663269.656179
6,"2021","Tidal flats",10098486629.2159
7,"2021","Tidal flats",3308221572.43778
8,"2021","Tidal flats",530057671.432127
9,"2021","Tidal flats",682722093.946963
10,"2021","Tidal flats",137400570.544646
11,"2021","Tidal flats",195107503.018806
12,"2021","Tidal flats",284880005.332377
13,"2021","Tidal flats",767661627.205769
14,"2021","Tidal flats",13117306.1472529
15,"2021","Tidal flats",64940929.25522
16,"2021","Tidal flats",240363582.961591
17,"2021","Tidal flats",1908764163.43232
18,"2021","Tidal flats",371033148.997995
19,"2021","Tidal flats",411390755.563546
20,"2021","Tidal flats",687265157.172058
21,"2021","Tidal flats",9303642660.90331
22,"2021","Tidal flats",362245490.85099
23,"2021","Tidal flats",135997908.667063
24,"2021","Tidal flats",149205285.394946
25,"2021","Tidal flats",19179949.6625502
26,"2021","Tidal flats",908772552.498694
27,"2021","Tidal flats",110705697.473063
28,"2021","Tidal flats",322655041.059023
29,"2021","Tidal flats",582247592.55983
30,"2021","Tidal flats",290203773.169536
31,"2021","Tidal flats",74715539.0488936
32,"2021","Tidal flats",175377978.134335
33,"2021","Tidal flats",360548639.496218
34,"2021","Tidal flats",38010032.9540669
35,"2021","Tidal flats",30955598.4266431
36,"2021","Tidal flats",288527344.870887
37,"2021","Tidal flats",164248834.618483
38,"2021","Tidal flats",1362040343.66116
39,"2021","Tidal flats",433833499.70825
40,"2021","Tidal flats",42360258.1879993
41,"2021","Tidal flats",379740075.702242
42,"2021","Tidal flats",307560347.964039
43,"2021","Tidal flats",1787017287.56571
44,"2021","Tidal flats",423088661.377845
45,"2021","Tidal flats",136595391.496672
46,"2021","Tidal flats",175331247.442554
47,"2021","Tidal flats",274759526.778171
48,"2021","Tidal flats",150020639.716816
49,"2021","Tidal flats",194243767.188894
50,"2021","Tidal flats",34252551.9819916
51,"2021","Tidal flats",33364561.4386637
52,"2021","Tidal flats",53202079.4053369
53,"2021","Tidal flats",293234416.654405
54,"2021","Tidal flats",256908824.772195
55,"2021","Tidal flats",402806545.128892
56,"2021","Tidal flats",675297275.026867
57,"2021","Tidal flats",693339953.778957
58,"2021","Tidal flats",540065846.543505
59,"2021","Tidal flats",13921105895.7742
60,"2021","Tidal flats",164102142.106407
61,"2021","Tidal flats",202021305.47884
62,"2021","Tidal flats",61897203.9972449
63,"2021","Tidal flats",86398521.9904556
64,"2021","Tidal flats",246140130.181123
65,"2021","Tidal flats",127066335.299571
66,"2021","Tidal flats",104998709.386487
67,"2021","Tidal flats",2423781140.81869
68,"2021","Tidal flats",2482577417.21679
69,"2021","Tidal flats",134292591.547459
70,"2021","Tidal flats",225370729.485764
71,"2021","Tidal flats",7274786.42489614
72,"2021","Tidal flats",4200199674.31204
73,"2021","Tidal flats",139049073.400284
74,"2021","Tidal flats",138104033.200537
75,"2021","Tidal flats",580140891.390413
76,"2021","Tidal flats",3382627939.21075
77,"2021","Tidal flats",498241611.381029
78,"2021","Tidal flats",593098520.591672
79,"2021","Tidal flats",120398729.3124
80,"2021","Tidal flats",149473978.829084
81,"2021","Tidal flats",1227660422.04199
82,"2021","Tidal flats",456553184.136107
83,"2021","Tidal flats",55280314.0360091
84,"2021","Tidal flats",1602598926.651
85,"2021","Tidal flats",385645099.61661
86,"2021","Tidal flats",93451570.1808537
87,"2021","Tidal flats",511509757.878476
88,"2021","Tidal flats",116651200.970996
89,"2021","Tidal flats",572670381.744566
90,"2021","Tidal flats",682514580.482971
91,"2021","Tidal flats",1142582675.10969
92,"2021","Tidal flats",1156763524.29687
93,"2021","Tidal flats",716243984.053835
94,"2021","Tidal flats",321351516.798987
95,"2021","Tidal flats",350399247.827983
97,"2021","Tidal flats",8227340175.21572
98,"2021","Tidal flats",78481187.0737321
99,"2021","Tidal flats",559529863.353411
100,"2021","Tidal flats",75322767.3041011
101,"2021","Tidal flats",118417178.634061
102,"2021","Tidal flats",66022657.1711728
103,"2021","Tidal flats",59597846.8956268
